CREATE DATABASE trialDB;
USE trialDB;

/* DEPARTAMENTOS JUDICIALES (Judicial Divisions) */
INSERT INTO judicial_division (id, name) VALUES (2, 'La Plata');
INSERT INTO judicial_division (id, name) VALUES (3, 'Mercedes');
INSERT INTO judicial_division (id, name) VALUES (4, 'San Nicolás');
INSERT INTO judicial_division (id, name) VALUES (5, 'Dolores');
INSERT INTO judicial_division (id, name) VALUES (6, 'Bahía Blanca');
INSERT INTO judicial_division (id, name) VALUES (7, 'Azul');
INSERT INTO judicial_division (id, name) VALUES (8, 'Mar del Plata');
INSERT INTO judicial_division (id, name) VALUES (9, 'Junín');
INSERT INTO judicial_division (id, name) VALUES (10, 'San Isidro');
INSERT INTO judicial_division (id, name) VALUES (11, 'Trenque Lauquen');
INSERT INTO judicial_division (id, name) VALUES (12, 'Morón');
INSERT INTO judicial_division (id, name) VALUES (13, 'San Martín');
INSERT INTO judicial_division (id, name) VALUES (14, 'Lomas de Zamora');
INSERT INTO judicial_division (id, name) VALUES (15, 'Necochea');
INSERT INTO judicial_division (id, name) VALUES (16, 'Pergamino');
INSERT INTO judicial_division (id, name) VALUES (17, 'Quilmes');
INSERT INTO judicial_division (id, name) VALUES (18, 'Zárate Campana');
INSERT INTO judicial_division (id, name) VALUES (19, 'La Matanza');

/* TRIBUNALES (Courts) */
INSERT INTO court (id, name, address, phone_number, court_president, judicial_division_id) VALUES (1, 'Tribunal en lo Criminal Nº 1 - La Plata', 'Calle: 8 Intersección: 56 y 57 - Piso 1', 02214102453, 'Dr. Hernán Javier Decastelli', 2);
INSERT INTO court (id, name, address, phone_number, court_president, judicial_division_id) VALUES (2, 'Tribunal en lo Criminal Nº 2 - La Plata', 'Calle: 8 Intersección: 56 y 57', 02214102445, 'Dr. Claudio Joaquín Bernard', 2);
INSERT INTO court (id, name, address, phone_number, court_president, judicial_division_id) VALUES (3, 'Tribunal en lo Criminal Nº 3 - La Plata', 'Calle: 8 Intersección: 56 y 57 - Piso 1', 02214102471, 'Dr. Andrés Vitali', 2);
INSERT INTO court (id, name, address, phone_number, court_president, judicial_division_id) VALUES (4, 'Tribunal en lo Criminal Nº 4 - La Plata', 'Calle: 8 Intersección: 56 y 57 - Piso 2', 02214102400, 'Dr. Juan Carlos Bruni', 2);
INSERT INTO court (id, name, address, phone_number, court_president, judicial_division_id) VALUES (5, 'Tribunal en lo Criminal Nº 5 - La Plata', 'Calle: 8 Intersección: 56 y 57 - Piso 3', 02214102516, 'Dra. Carmen Rosa Palacios Arias', 2);
INSERT INTO court (id, name, address, phone_number, court_president, judicial_division_id) VALUES (6, 'Tribunal en lo Criminal Nº 1 - Mercedes', 'Calle: 28 Nro: 619', 02324439289, 'Dr. Daniel Eugenio Machain', 3);
INSERT INTO court (id, name, address, phone_number, court_president, judicial_division_id) VALUES (7, 'Tribunal en lo Criminal Nº 2 - Mercedes', 'Calle: 27 Nro: 600', 02324439291, 'Dr. Juan Miguel Tillet', 3);
INSERT INTO court (id, name, address, phone_number, court_president, judicial_division_id) VALUES (8, 'Tribunal en lo Criminal Nº 3 - Mercedes', 'Calle: 27 Nro: 600', 02324439282, 'Dr. Ignacio Racca', 3);
INSERT INTO court (id, name, address, phone_number, court_president, judicial_division_id) VALUES (9, 'Tribunal en lo Criminal Nº 4 - Mercedes', 'Calle: 27 Nro: 600', 02324439163, 'Dra. Patricia Viviana Guerrieri', 3);
INSERT INTO court (id, name, address, phone_number, court_president, judicial_division_id) VALUES (10, 'Tribunal en lo Criminal Nº 1 - San Nicolás', 'Guardias Nacionales 47', 03364458207, 'Dra. María Belén Ocariz', 4);
INSERT INTO court (id, name, address, phone_number, court_president, judicial_division_id) VALUES (11, 'Tribunal en lo Criminal Nº 2 - San Nicolás', 'Guardias Nacionales 47', 03364458261, 'Dra. María Elena Baquedano', 4);
INSERT INTO court (id, name, address, phone_number, court_president, judicial_division_id) VALUES (12, 'Tribunal en lo Criminal N° 1 - Dolores', 'Rico 65', 02245441378, 'Dr. Christian Ariel Rabaia', 5);
INSERT INTO court (id, name, address, phone_number, court_president, judicial_division_id) VALUES (13, 'Tribunal en lo Criminal N° 2 - Dolores', 'Alberdi 137', 02245444310, 'Dr. Antonio Francisco Severino', 5);
INSERT INTO court (id, name, address, phone_number, court_president, judicial_division_id) VALUES (14, 'Tribunal en lo Criminal N° 1 - Bahía Blanca', 'Estomba 34, Piso 3', 02914563600, 'Dr. Ricardo Nicolás Gutiérrez', 6);
INSERT INTO court (id, name, address, phone_number, court_president, judicial_division_id) VALUES (15, 'Tribunal en lo Criminal N° 2 - Bahía Blanca', 'Estomba 34, Piso 3', 02914563600, 'Dra. María Mercedes Rico', 6);
INSERT INTO court (id, name, address, phone_number, court_president, judicial_division_id) VALUES (16, 'Tribunal en lo Criminal N° 3 - Bahía Blanca', 'Estomba 34, Piso 3', 02914563600, 'Dr. Julián Francisco Saldías', 6);
INSERT INTO court (id, name, address, phone_number, court_president, judicial_division_id) VALUES (17, 'Tribunal en lo Criminal Nº 1 - Azul', 'Avenida Presidente Perón 525', 02281422447, 'Dr. Martín Eugenio Céspedes', 7);
INSERT INTO court (id, name, address, phone_number, court_president, judicial_division_id) VALUES (18, 'Tribunal en lo Criminal Nº 2 - Azul', 'Avenida Presidente Perón 525', 02281424286, 'Dra. María Alejandra Raverta', 7);
INSERT INTO court (id, name, address, phone_number, court_president, judicial_division_id) VALUES (19, 'Tribunal en lo Criminal Nº 1 - Mar del Plata', 'Almirante Brown 2046', 02234956666, 'Dr. Juan Facundo Gómez Urso', 8);
INSERT INTO court (id, name, address, phone_number, court_president, judicial_division_id) VALUES (20, 'Tribunal en lo Criminal Nº 2 - Mar del Plata', 'Almirante Brown 2046', 02234956666, 'Dr. Roberto Falcone', 8);
INSERT INTO court (id, name, address, phone_number, court_president, judicial_division_id) VALUES (21, 'Tribunal en lo Criminal Nº 3 - Mar del Plata', 'Almirante Brown 2046', 02234956666, 'Dr. Fabián Luis Riquert', 8);
INSERT INTO court (id, name, address, phone_number, court_president, judicial_division_id) VALUES (22, 'Tribunal en lo Criminal Nº 4 - Mar del Plata', 'Almirante Brown 2046', 02234956666, 'Dr. Gustavo Raúl Fissore', 8);
INSERT INTO court (id, name, address, phone_number, court_president, judicial_division_id) VALUES (23, 'Tribunal en lo Criminal Nº 1 - Junín', 'Mayor Lopez Nro: 2 Intersección: Bartolome Mitre', 02364435969, 'Dr. Esteban Melilli', 9);
INSERT INTO court (id, name, address, phone_number, court_president, judicial_division_id) VALUES (24, 'Tribunal en lo Criminal Nº  1 - San Isidro', 'Ituzaingo 340 Piso 3', 01147326801, 'Dr. Gonzalo Aquino', 10);
INSERT INTO court (id, name, address, phone_number, court_president, judicial_division_id) VALUES (25, 'Tribunal en lo Criminal Nº  2 - San Isidro', 'Ituzaingo 340 Piso 3', 01147326809, 'Dr. Ariel Alfredo Introzzi Truglia', 10);
INSERT INTO court (id, name, address, phone_number, court_president, judicial_division_id) VALUES (26, 'Tribunal en lo Criminal Nº  3 - San Isidro', 'Ituzaingo 340 Piso 3', 01147326822, 'Dra. Verónica Mara Di Tommaso', 10);
INSERT INTO court (id, name, address, phone_number, court_president, judicial_division_id) VALUES (27, 'Tribunal en lo Criminal Nº  4 - San Isidro', 'Ituzaingo 340', 01147326400, 'Dr. Osvaldo Alberto Rossi', 10);
INSERT INTO court (id, name, address, phone_number, court_president, judicial_division_id) VALUES (28, 'Tribunal en lo Criminal Nº  5 - San Isidro', 'Ituzaingo 340', 01147326400, 'Dr. Pablo Adrián Rolón', 10);
INSERT INTO court (id, name, address, phone_number, court_president, judicial_division_id) VALUES (29, 'Tribunal en lo Criminal Nº  6 - San Isidro', 'Marín 114', 01147070380, 'Dra. Débora Jorgelina Ramírez', 10);
INSERT INTO court (id, name, address, phone_number, court_president, judicial_division_id) VALUES (30, 'Tribunal en lo Criminal Nº  7 - San Isidro', 'Centenario 456', 01147477371, 'Dr. Alberto Gaig', 10);
INSERT INTO court (id, name, address, phone_number, court_president, judicial_division_id) VALUES (31, 'Tribunal en lo Criminal Nº 1 - Trenque Lauquen', '9 de Julio 54', 02392424791, 'Dra. María Gabriela Martínez', 11);
INSERT INTO court (id, name, address, phone_number, court_president, judicial_division_id) VALUES (32, 'Tribunal en lo Criminal Nº 1 - Morón', 'Almirante Brown Intersección: Colón - Piso 1', 01144897908, 'Dr. Juan Carlos Uboldi', 12);
INSERT INTO court (id, name, address, phone_number, court_president, judicial_division_id) VALUES (33, 'Tribunal en lo Criminal Nº 2 - Morón', 'Colón 151 - Piso 1', 01144897909, 'Dr. Aníbal Víctor Termite', 12);
INSERT INTO court (id, name, address, phone_number, court_president, judicial_division_id) VALUES (34, 'Tribunal en lo Criminal Nº 3 - Morón', 'Almirante Brown Intersección: Colón', 01144898891, 'Dra. Mariela Susana Moralejo Rivera', 12);
INSERT INTO court (id, name, address, phone_number, court_president, judicial_division_id) VALUES (35, 'Tribunal en lo Criminal Nº 4 - Morón', 'Almirante Brown Intersección: Colón - Piso 2', 01144897953, 'Dr. Carlos Roberto Torti', 12);
INSERT INTO court (id, name, address, phone_number, court_president, judicial_division_id) VALUES (36, 'Tribunal en lo Criminal Nº 5 - Morón', 'Almirante Brown Intersección: Colón - Piso 3', 01144897962, 'Dr. Marcos Javier Lisa', 12);
INSERT INTO court (id, name, address, phone_number, court_president, judicial_division_id) VALUES (37, 'Tribunal en lo Criminal Nº 6 - Morón', 'Almirante Brown Intersección: Colón - Piso 4', 01144897938, 'Dr. Alejandro Omar Rodríguez Rey', 12);
INSERT INTO court (id, name, address, phone_number, court_president, judicial_division_id) VALUES (38, 'Tribunal en lo Criminal Nº 1 - General San Martín', 'Avenida Ricardo Balbín 1753', 01147245920, 'Dr. Alejandro Juan Alberto Moramarco Terrarossa', 13);
INSERT INTO court (id, name, address, phone_number, court_president, judicial_division_id) VALUES (39, 'Tribunal en lo Criminal Nº 2 - General San Martín', 'Avenida Ricardo Balbín 1753 Piso 3', 01147245928, 'Dra. Mónica María Carreira', 13);
INSERT INTO court (id, name, address, phone_number, court_president, judicial_division_id) VALUES (40, 'Tribunal en lo Criminal Nº 3 - General San Martín', 'Eva Peron 2535', 01151979091, 'Dr. Martín Esteban Klobovs', 13);
INSERT INTO court (id, name, address, phone_number, court_president, judicial_division_id) VALUES (41, 'Tribunal en lo Criminal Nº 4 - General San Martín', 'Avenida Ricardo Balbín 1753', 01147245938, 'Dr. Julio César Di Giorgio', 13);
INSERT INTO court (id, name, address, phone_number, court_president, judicial_division_id) VALUES (42, 'Tribunal en lo Criminal Nº 5 - General San Martín', 'Avenida Ricardo Balbín 1753 Pisos 5 y 6', 01147245944, 'Dr. Adrián Fernando Berdichevsky', 13);
INSERT INTO court (id, name, address, phone_number, court_president, judicial_division_id) VALUES (43, 'Tribunal en lo Criminal Nº 6 - General San Martín', 'Eva Peron 2535 Piso 5', 01147526561, 'Dr. Javier Pablo Antonucci', 13);
INSERT INTO court (id, name, address, phone_number, court_president, judicial_division_id) VALUES (44, 'Tribunal en lo Criminal Nº 7 - General San Martín', 'Lincoln 3892', 01147530335, 'Dr. Gustavo Alfredo Varvello', 13);
INSERT INTO court (id, name, address, phone_number, court_president, judicial_division_id) VALUES (45, 'Tribunal en lo Criminal Nº 1 - Lomas de Zamora', 'Camino Pres. Juan Domingo Peron Intersección: Larroque - Piso 1', 01142021327, 'Dr. Nicolás Miguel Plo', 14);
INSERT INTO court (id, name, address, phone_number, court_president, judicial_division_id) VALUES (46, 'Tribunal en lo Criminal Nº 2 - Lomas de Zamora', 'Camino Pres. Juan Domingo Peron Intersección: Larroque - Piso 4', 01142021327, 'Dra. Mariela Gianina Aprile', 14);
INSERT INTO court (id, name, address, phone_number, court_president, judicial_division_id) VALUES (47, 'Tribunal en lo Criminal Nº 3 - Lomas de Zamora', 'Camino Pres. Juan Domingo Peron Intersección: Larroque - Piso 1', 01142021327, 'Dr. Claudio Jorge Fernández', 14);
INSERT INTO court (id, name, address, phone_number, court_president, judicial_division_id) VALUES (48, 'Tribunal en lo Criminal Nº 4 - Lomas de Zamora', 'Camino Pres. Juan Domingo Peron Intersección: Larroque - Piso 1', 01142021327, 'Dr. Darío Carlos Segundo', 14);
INSERT INTO court (id, name, address, phone_number, court_president, judicial_division_id) VALUES (49, 'Tribunal en lo Criminal Nº 5 - Lomas de Zamora', 'Camino Pres. Juan Domingo Peron Intersección: Larroque - Piso 4', 01142021327, 'Dr. Pedro Dardo Raúl Pianta', 14);
INSERT INTO court (id, name, address, phone_number, court_president, judicial_division_id) VALUES (50, 'Tribunal en lo Criminal Nº 6 - Lomas de Zamora', 'Camino Pres. Juan Domingo Peron Intersección: Larroque - Piso 4', 01142021327, 'Dr. Gabriel Emilio Vandemberg', 14);
INSERT INTO court (id, name, address, phone_number, court_president, judicial_division_id) VALUES (51, 'Tribunal en lo Criminal Nº 7 - Lomas de Zamora', 'Camino Pres. Juan Domingo Peron Intersección: Larroque - Piso 1', 01142021327, 'Dr. Roberto Alfredo Conti', 14);
INSERT INTO court (id, name, address, phone_number, court_president, judicial_division_id) VALUES (52, 'Tribunal en lo Criminal Nº 8 - Lomas de Zamora', 'Camino Pres. Juan Domingo Peron Intersección: Larroque', 01142021327, 'Dr. Nicolás Amorosoo', 14);
INSERT INTO court (id, name, address, phone_number, court_president, judicial_division_id) VALUES (53, 'Tribunal en lo Criminal Nº 9 - Lomas de Zamora', 'Camino Pres. Juan Domingo Peron Intersección: Larroque - Piso 4', 01142028250, 'Dr. Darío Bellucci', 14);
INSERT INTO court (id, name, address, phone_number, court_president, judicial_division_id) VALUES (54, 'Tribunal en lo Criminal Nº 10 - Lomas de Zamora', 'Camino Pres. Juan Domingo Peron Intersección: Larroque - Piso 1', 01142021327, 'Dr. José Ignacio Polizza', 14);
INSERT INTO court (id, name, address, phone_number, court_president, judicial_division_id) VALUES (55, 'Tribunal en lo Criminal Nº 1 - Necochea', 'Calle: 87 Nro: 293', 02262427149, 'Dra. Mariana Giménez', 15);
INSERT INTO court (id, name, address, phone_number, court_president, judicial_division_id) VALUES (56, 'Tribunal en lo Criminal Nº 1 - Pergamino', 'General Pinto 1251', 02477434328, 'Dr. Miguel Angel Gaspari', 16);
INSERT INTO court (id, name, address, phone_number, court_president, judicial_division_id) VALUES (57, 'Tribunal en lo Criminal Nº 1 - Quilmes', 'Hipólito Yrigoyen 107 Piso 4', 01160659517, 'Dr. Fernando Ernesto Celesia', 17);
INSERT INTO court (id, name, address, phone_number, court_president, judicial_division_id) VALUES (58, 'Tribunal en lo Criminal Nº 2 - Quilmes', 'Hipólito Yrigoyen 107', 01160659518, 'Dr. Pablo Eduardo Pereyra', 17);
INSERT INTO court (id, name, address, phone_number, court_president, judicial_division_id) VALUES (59, 'Tribunal en lo Criminal Nº 3 - Quilmes', 'Hipólito Yrigoyen 475', 01160659519, 'Dra. Alicia Nélida Anache', 17);
INSERT INTO court (id, name, address, phone_number, court_president, judicial_division_id) VALUES (60, 'Tribunal en lo Criminal Nº 4 - Quilmes', 'Hipólito Yrigoyen 107', 01160659520, 'Dra. Andrea Vanina Calaza', 17);
INSERT INTO court (id, name, address, phone_number, court_president, judicial_division_id) VALUES (61, 'Tribunal en lo Criminal Nº 5 - Quilmes', 'Alem Nro: 419/423', 01142537061, 'Dra. Mónica Adriana Rodríguez de Piuma', 17);
INSERT INTO court (id, name, address, phone_number, court_president, judicial_division_id) VALUES (62, 'Tribunal en lo Criminal Nº 1 - Zárate Campana', 'Andrés del Pino Nro: 817', 03489424352, 'Dr. Federico Daniel Martinengo', 18);
INSERT INTO court (id, name, address, phone_number, court_president, judicial_division_id) VALUES (63, 'Tribunal en lo Criminal Nº 2 - Zárate Campana', 'Andrés del Pino Nro: 817', 03489430889, 'Dr. Daniel Claudio Ernesto Rópolo', 18);
INSERT INTO court (id, name, address, phone_number, court_president, judicial_division_id) VALUES (64, 'Tribunal en lo Criminal Nº 1 - La Matanza', 'Mendoza Nro: 2417/23 Piso 2',  01144822788, 'Dr. Alfredo Pedro Drocchi', 19);
INSERT INTO court (id, name, address, phone_number, court_president, judicial_division_id) VALUES (65, 'Tribunal en lo Criminal Nº 2 - La Matanza', 'Mendoza Nro: 2417/23 Piso 2',  01144822785, 'Dr. Diego Sebastián Burgueño', 19);
INSERT INTO court (id, name, address, phone_number, court_president, judicial_division_id) VALUES (66, 'Tribunal en lo Criminal Nº 3 - La Matanza', 'Mendoza Nro: 2417/23 Piso 2',  01144822781, 'Dr. Raúl Fernando Elhart', 19);
INSERT INTO court (id, name, address, phone_number, court_president, judicial_division_id) VALUES (67, 'Tribunal en lo Criminal Nº 4 - La Matanza', 'Entre Ríos Nro: 2795 Piso 2',  01144414341, 'Dr. Gerardo Clemente Gayol', 19);
INSERT INTO court (id, name, address, phone_number, court_president, judicial_division_id) VALUES (68, 'Tribunal en lo Criminal Nº 5 - La Matanza', 'Monseñor Marcon Nro: 2623',  01144844282, 'Dra. Gabriela Silvia Rizzuto', 19);

/* CAUSAS (Lawsuits) */
INSERT INTO lawsuit (id, case_title, number, court_id) VALUES (1, 'FERREYRA ALEJO S/ ABUSO SEXUAL CON ACCESO CARNAL CALIFICADO', '618/2019', 56);
INSERT INTO lawsuit (id, case_title, number, court_id) VALUES (2, 'COSTA GREGORIO RAUL S/ HOMICIDIO CALIFICADO POR EL VINCULO', '526/2021', 16);
INSERT INTO lawsuit (id, case_title, number, court_id) VALUES (3, 'SMITH ANTONIO, MATURANO CLAUDIO RUBEN S/ HOMICIDIO AGRAVADO POR EL USO DE ARMA DE FUEGO(1 Y 2), TENTATIVA DE HOMICIDIO AGRAVADO POR EL USO DE ARMA DE FUEGO Y AMENAZAS AGRAVADAS POR EL USO DE ARMA DE FUEGO(1 Y 2), PROVISION ILEGITIMA DE ARMAS DE FUEGO (1) Y TENENCIA ILEGAL DE ARMA DE FUEGO (1)', '3524/2019', 43);
INSERT INTO lawsuit (id, case_title, number, court_id) VALUES (4, 'RANDAZZO LUIS OSCAR S/ ABUSO SEXUAL SIMPLE DOBLEMENTE AGRAVADO POR SER COMETIDO POR UN ASCENDIENTE Y POR SER COMETIDO CONTRA UN MENOR DE DIECIOCHO AÑOS APROVECHANDO LA SITUACION DE CONVIVENCIA PREEXISTENTE Y ABUSO SEXUAL CON ACCESO CARNAL DOBLEMENTE AGRAVADO POR SER COMETIDO POR UN ASCENDIENTE Y POR SER COMETIDO CONTRA UN MENOR DE DIECIOCHO AÑOS APROVECHANDO LA SITUACION DE CONVIVENCIA PREEXISTENT', '1025/2019', 18);
INSERT INTO lawsuit (id, case_title, number, court_id) VALUES (5, 'ALTAMIRANDA ROBERTO GERMAN S/ HOMICIDIO CALIFICADO', '2181/2019', 22);
INSERT INTO lawsuit (id, case_title, number, court_id) VALUES (6, 'VIANA JUAN EDUARDO S/ ABUSO SEXUAL CALIFICADO, ABUSO SEXUAL GRAVEMENTE ULTRAJANTE CALIFICADO, CORRUPCION DE MENORES CALIFICADA', '856/2020', 16);
INSERT INTO lawsuit (id, case_title, number, court_id) VALUES (7, 'SANCHEZ JOSE MARIA S/ HOMICIDIO CALIFICADO', '1575/2020', 2);
INSERT INTO lawsuit (id, case_title, number, court_id) VALUES (8, 'WOLDRYK JOSE RAUL S/ HOMICIDIO - ALVEAR', '921/2019', 18);
INSERT INTO lawsuit (id, case_title, number, court_id) VALUES (9, 'GARI, CLAUDIO DAMIÁN - ABUSO SEXUAL CON ACCESO CARNAL AGRAVADO POR EL VÍNCULO POR SER EL ENCARGADO DE LA GUARDA Y POR EL APROVECHAMIENTO DE LA SITUACIÓN DE CONVIVENCIA PREEXISTENTE CON UNA MENOR DE 18 AÑOS', '470/2018', 17);
INSERT INTO lawsuit (id, case_title, number, court_id) VALUES (10, 'MOYANO MARTIN SAMUEL C/ LOPEZ LORENZO CIRO NATHANIEL S/ HOMICIDIO AGRAVADO POR EL EMPLEO DE ARMA DE FUEGO', '3975/2020', 54);
INSERT INTO lawsuit (id, case_title, number, court_id) VALUES (11, 'CAAMAÑO FRITZ GIAN EMILIO, CORREA JONATHAN ARIEL, MANCISIDOR JUAN SEBASTIAN, MARCOS MILTON ALEJO, MARQUEZ JOEL DAVID S/ TENENCIA DE ESTUPEFACIENTES PARA COMERCIALIZACION, SUMINISTRO GRATUITO SIMPLE DE ESTUPEFACIENTES, COMERCIO DE ESTUPEFACIENTES CALIFICADO, TENENCIA SIMPLE DE ESTUPEFACIENTES', '247/2020', 16);
INSERT INTO lawsuit (id, case_title, number, court_id) VALUES (12, 'PEREZ LEANDRO ANGEL - PULSONE JONATHAN EMANUEL - BURGOS, JONATHAN JAVIER S/ SECUESTRO EXTORSIVO', '1246/2019', 58);
INSERT INTO lawsuit (id, case_title, number, court_id) VALUES (13, 'ZANON, JORGE LEANDRO, VERGARA, FACUNDO ELIAS, CASULO, FRANCO EZEQUIEL, ALBORNOZ, FACUNDO ISAAC, CORREA, FERNANDO JOSE S/ SECUESTRO EXTORSIVO AGRAVADO POR HABER SIDO COMETIDO POR MAS DE TRES PERSONAS EN CONCURSO REAL CON DEL DELITO DE ROBO', '94/2019', 63);
INSERT INTO lawsuit (id, case_title, number, court_id) VALUES (14, 'MELGAREJO ANGEL CARLOS MACIEL, GONZALEZ DAIANA ESTELA MARIS S/ PRIVACION ILEGAL DE LA LIBERTAD COACTIVA, CALIFICADA POR HABER LOGRADO SU PROPOSITO EN CONCURSO IDEAL CON ROBO CALIFICADO POR EL USO DE ARMAS Y ESCALAMIENTO EN CONCURSO REAL CON PRIVACION ILEGAL DE LA LIBERTAD COACTIVA AGRAVADA POR SER COMETIDA CONTRA UN MENOR DE 18 AÑOS DE EDAD Y POR LA PARTICIPACION DE TRES PERSONAS', '285/2019', 57);
INSERT INTO lawsuit (id, case_title, number, court_id) VALUES (15, 'DURAN JUAN MARCELO Y DURAN MARCELA ALEJANDRA S/ HOMICIDIO CALIFICADO CRIMINIS CAUSA', '527/2021', 16);
INSERT INTO lawsuit (id, case_title, number, court_id) VALUES (16, 'MONTIEL SERGIO ANDRES S/ HOMICIDIO', '186/2019', 18);
INSERT INTO lawsuit (id, case_title, number, court_id) VALUES (17, 'MOLINA CARLOS SEBASTIAN Y MOYANO PEDRO ALEJANDRO S/ HOMICIDIO AGRAVADO POR EL USO DE ARMA DE FUEGO EN GRADO DE TENTATIVA', '1167/2020', 15);
INSERT INTO lawsuit (id, case_title, number, court_id) VALUES (18, 'GOMEZ ALBERTO S/ HOMICIDIO CALIFICADO', '1645/2019', 2);
INSERT INTO lawsuit (id, case_title, number, court_id) VALUES (19, 'ALLENDE, FACUNDO NAHUEL S/ HOMICIDIO', '164/2021', 55);
INSERT INTO lawsuit (id, case_title, number, court_id) VALUES (20, 'DELL ARCIPRETE CARLOS OMAR S/ABUSO SEXUAL GRAVAMENTE ULTRAJANTE, REITERADO Y AGRAVADO, ABUSO SEXUAL GRAVEMENTE ULTRAJANTE REITERADO Y AGRAVADO EN CONCURSO REAL CON ACCESO CARNAL DOBLEMENTE AGRAVADO, Y ABUSO SEXUAL AGRAVADO DOS HECHOS', '1380/2020', 15);
INSERT INTO lawsuit (id, case_title, number, court_id) VALUES (21, 'DOMINGUEZ ALEXIS JORGE, ZAS IGNACIO NAHUEL S/ HOMICIDIO CALIFICADO EN GRADO DE TENTATIVA', '916/2020', 43);
INSERT INTO lawsuit (id, case_title, number, court_id) VALUES (22, 'PEREZ, ALDO OMAR S / HOMIC QUINT AGRAV X EL VÍNC,POR HABER SIDO COMET CON ALEVOSÍA, POR PRECIO O POR PROMESA REMUNERAT, POR EL CONC PREMEDIT DE DOS O MAS PERSONAS Y POR SER CRIMINIS CAUSA', '3723/2018', 8);
INSERT INTO lawsuit (id, case_title, number, court_id) VALUES (23, 'CASERES IVAN FERNANDO S/ ROBO CALIFICADO POR EL USO DE ARMAS, HOMICIDIO CALIFICADO EN GRADO DE TENTATIVA', '16/2020', 58);
INSERT INTO lawsuit (id, case_title, number, court_id) VALUES (24, 'SZARAN JUANA DE LA CRUZ, VITTASSE BERNARDO FABIAN S/ HOMICIDIO SIMPLE ( VICTIMA:MARIA CRISTINA MANZANAREZ- PART DAM: ANA LAURA MUSSI Y MARIANO REYNALDO MUSSI)', '737/2018', 62);
INSERT INTO lawsuit (id, case_title, number, court_id) VALUES (25, 'HERNANDEZ HIPOLITO PRIMITIVO S/ HOMICIDIO CALIFICADO EN GRADO DE TENTATIVA, DESOBEDIENCIA, AMENAZAS CALIFICADAS', '37/2021', 14);
INSERT INTO lawsuit (id, case_title, number, court_id) VALUES (26, 'FRANZZOLINI SEBASTIAN S/ HOMICIDIO SIMPLE', '529/2016', 8);
INSERT INTO lawsuit (id, case_title, number, court_id) VALUES (27, 'MARTINEZ, LUCAS MATIAS S/ LESIONES GRAVES', '2712/2019', 59);
INSERT INTO lawsuit (id, case_title, number, court_id) VALUES (28, 'APABLAZA, MANUEL ORLANDO S/ TENTATIVA DE HOMICIDIO AGRAVADO POR EL EMPLEO DE ARMA DE FUEGO EN CONCURSO IDEAL CON HOMICIDIO AGRAVADO POR EL EMPLEO DE ARMA DE FUEGO CON DOLO EVENTUAL ( VICTMA: SAMUEL ERNESTO MENDOZA)', '862/2020', 62);
INSERT INTO lawsuit (id, case_title, number, court_id) VALUES (29, 'MALDONADO GABRIEL RAMON S/ ABUSO SEXUAL GRAVEMENTE ULTRAJANTE, REITERADO Y AGRAVADO', '1183/2020', 15);
INSERT INTO lawsuit (id, case_title, number, court_id) VALUES (30, 'MATURANO NICOLAS ROBERTO, MATURANO ANTONIO ROBERTO, MATURANO ALEJANDRO ANTONIO S/ ROBO TRIPLEMENTE AGRAVADO POR EL USO DE ARMA DE FUEGO, POR HABER SIDO COMETIDO EN LUGAR POBLADO Y EN BANDA Y POR HABER CAUSADO LESIONES GRAVES A LA VICTIMA', '1175/2019', 63);
INSERT INTO lawsuit (id, case_title, number, court_id) VALUES (31, 'VILA FERNANDO MATIAS S/ HOMICIDIO', '1424/2020', 15);
INSERT INTO lawsuit (id, case_title, number, court_id) VALUES (32, 'FLORES SERGIO ABEL S/ ABUSO SEXUAL CON ACCESO CARNAL AGRAVADO POR EL USO DE ARMA EN CONCURSO REAL CON ROBO AGRAVADO POR EL USO DE ARMA', '163/2021', 57);
INSERT INTO lawsuit (id, case_title, number, court_id) VALUES (33, 'FIGUEROA MAURO RUBEN S/ ABUSO SEXUAL GRAVEMENTE ULTRAJANTE CALIFICADO', '276/2021', 16);
INSERT INTO lawsuit (id, case_title, number, court_id) VALUES (34, 'CAYUÑIR MAXIMILIANO EZEQUIEL, GARCIA CINTIA ESTER S/ HOMICIDIO CALIFICADO EN GRADO DE TENTATIVA', '705/2021', 16);
INSERT INTO lawsuit (id, case_title, number, court_id) VALUES (35, 'PICASSO NESTOR DANIEL S/ ABUSO SEXUAL CON ACCESO CARNAL REITERADO, AGRAVADO POR SER COMETIDO POR UN ASCENDIENTE, EN CONCURSO REAL CON CORRUPCION DE MENORES', '969/2019', 18);
INSERT INTO lawsuit (id, case_title, number, court_id) VALUES (36, 'DOS SANTOS GONZALO HERNAN, TUBOEFF GUERRA GERMAN ENRIQUE S/ (1) ROBO AGRAVADO POR EL USO DE ARMA DE FUEGO (2) ROBO AGRAVADO POR EL USO DE ARMA DE FUEGO EN CONCURSO REAL CON PORTACION ILEGAL DE ARMA DE FUEGO DE USO CIVIL, AGRAVADA POR REGISTRAR ANTECEDENTES PENALES POR DELITO DOLOSO CONTRA LAS PERSONAS Y CON EL USO DE ARMAS (2)', '1996/2020', 43);
INSERT INTO lawsuit (id, case_title, number, court_id) VALUES (37, 'NAVARRETE ROBERTO DAMIAN S/ ABUSO SEXUAL GRAVEMENTE ULTRAJANTE CALIFICADO', '288/2021', 14);
INSERT INTO lawsuit (id, case_title, number, court_id) VALUES (38, 'BARRERA, CARLOS ALEJANDRO, SEGONDS MATIAS Y VALDEBENITO ANTONELA POR COMERCIALIZACION DE ESTUPEFACIENTES -EN DOSIS FRACCIONADAS DIRECTAMENTE P/SU CONSUMO-, AGRAVADA POR LA INTERVENCION DE TRES PERSONAS Y TENENCIA DE ESTUPEFACIENTES CON FINES DE COMERCIALIZACION -EN DOSIS FRACCIONADAS DIRECTAMENTE PARA SU CONSUMO- EN CONCURSO IDEAL DE DELITOS EN CORONEL SUÁREZ', '833/2021', 15);
INSERT INTO lawsuit (id, case_title, number, court_id) VALUES (39, 'GUTIERREZ ESTEBAN JOAQUIN S/ HOMICIDIO AGRAVADO POR EL USO DE ARMA DE FUEGO ( VICTIMA EMANUEL JOAQUIN DEFELIPE)', '1329/2019', 62);
INSERT INTO lawsuit (id, case_title, number, court_id) VALUES (40, 'ALFARO, EZEQUIEL ROBERTO S/ HOMICIDIO', '860/2020', 63);
INSERT INTO lawsuit (id, case_title, number, court_id) VALUES (41, 'AVALOS, RICARDO ROBERTO S/ HOMICIDIO SIMPLE COMETIDO POR EL USO DE ARMA DE FUEGO EN GRADO DE TENTATIVA', '2643/2019', 59);
INSERT INTO lawsuit (id, case_title, number, court_id) VALUES (42, 'DE LA FUENTE FERNANDO GINES S/ ABUSO SEXUAL CON ACCESO CARNAL AGRAVADO POR SER EL ENCARGADO DE LA GUARDA Y POR APROVECHAR LA CONVIVENCIA PREEXISTENTE CON UN MENOR DE EDAD -REITERADOS- Y CORRUPCION DE MENORES CALIFICADA, TODOS EN CONCURSO REAL', '255/2019', 57);
INSERT INTO lawsuit (id, case_title, number, court_id) VALUES (43, 'CAMPOS, ELEAZAR S/ ABUSO SEXUAL GRAVEMENTE ULTRAJANTE CALIFICADO, CORRUPCION DE MENORES CALIFICADA', '836/2021', 16);
INSERT INTO lawsuit (id, case_title, number, court_id) VALUES (44, 'RODRIGUEZ, OMAR ALBERTO; VELOZO, RICARDO Y SANTA MARIA, ALEJANDRO AGUSTIN S/ ABUSO SEXUAL CON ACCESO CARNAL CALIFICADO POR LA PARTICIPACION DE DOS O MAS PERSONAS (ART. 119 TERCER Y CUARTO PARRAFO INC "D" DEL C.P.)', '3301/2018', 59);
INSERT INTO lawsuit (id, case_title, number, court_id) VALUES (45, 'GUEVARA PEDRO, S/ HOMICIDIO CALIFICADO Y HOMICIDIO CALIFICADO EN GRADO DE TENTATIVA', '1538/2020', 16);
INSERT INTO lawsuit (id, case_title, number, court_id) VALUES (46, 'LOPEZ JONATAN NAHUEL, GOMEZ SERGIO RAUL, LOPEZ JUAN MANUEL, MUÑOZ JOSE MARIA S/ ROBO CALIFICADO, SUBSTRACCION DE DOCUMENTOS', '449/2020', 44);
INSERT INTO lawsuit (id, case_title, number, court_id) VALUES (47, 'AVILA SCHVERDT, JUAN MARTIN POR ROBO AGRAVADO POR EL USO DE ARMA DE FUEGO APTA PARA EL DISPARO (ART. 166 IN.C 2, SEGUNDO PÁRRAFO DEL CP) EN BAHIA BLANCA', '195/2021', 15);
INSERT INTO lawsuit (id, case_title, number, court_id) VALUES (48, 'ORTIZ, CARLOS ALBERTO S/ HOMICIDIO CALIFICAOD POR EL VINCULO', '2950/2016', 59);
INSERT INTO lawsuit (id, case_title, number, court_id) VALUES (49, 'BARRERA, CARLOS ALEJANDRO, SEGONDS MATIAS Y VALDEBENITO ANTONELA POR COMERCIALIZACION DE ESTUPEFACIENTES -EN DOSIS FRACCIONADAS DIRECTAMENTE P/SU CONSUMO-, AGRAVADA POR LA INTERVENCION DE TRES PERSONAS Y TENENCIA DE ESTUPEFACIENTES CON FINES DE COMERCIALIZACION -EN DOSIS FRACCIONADAS DIRECTAMENTE PARA SU CONSUMO- EN CONCURSO IDEAL DE DELITOS EN CORONEL SUÁREZ', '208/2019', 8);
INSERT INTO lawsuit (id, case_title, number, court_id) VALUES (50, 'MORENO MATIAS DIEGO POR HOMICIDIO CALIFICADO CRIMINIS CAUSA', '782/2019', 14);
INSERT INTO lawsuit (id, case_title, number, court_id) VALUES (51, 'ACUÑA CRISTIAN GABRIEL S/ HOMICIDIO', '1262/2020', 16);
INSERT INTO lawsuit (id, case_title, number, court_id) VALUES (52, 'BARGAS CARLOS ALBERTO S/ HOMICIDIO CALIFICADO POR CONCURSO PREMEDITADO DE DOS O MAS PERSONAS, POR EL EMPLEO DE ARMA DE FUEGO Y POR LA PARTICIPACION DE UN MENOR DE EDAD; HOMICIDIO CALIFICADO EN GRADO DE TENTATIVA', '933/2019', 18);
INSERT INTO lawsuit (id, case_title, number, court_id) VALUES (53, 'MORALES, ANDRES S/HOMICIDIO AGRAV. POR TRATARSE LA VICTIMA DE UN EFECTIVO POLICIAL (HECHO 1) - HOMICIDIO AGRAV. POR TRATARSE DE UN EFECTIVO POLICIAL EN TENTATIVA (HECHO 2) Y HOMICIDIO AGRAV. EN GRADO DE TENTATIVA', '274/2021', 55);
INSERT INTO lawsuit (id, case_title, number, court_id) VALUES (54, 'DO PRADO, CESAR S/ HOMICIDIO SIMPLE', '418/2020', 63);
INSERT INTO lawsuit (id, case_title, number, court_id) VALUES (55, 'SAUCO, EDUARDO ESTEBAN Y SAUCO, ALAN EMMANUEL POR ABUSO SEXUAL CON ACCESO CARNAL, REITERADO, DOBLEMENTE AGRAVADO POR EL VINCULO Y EL APROVECHAMIENTO DE LA SITUACION DE CONVIVENCIA PREEXISTENTE (ART. 119, TERCER PARRAFO EN RELAC. AL CUARTO PARRAFO INC. F Y B DEL CP) EN CORONEL SUÁREZ', '1455/2019', 15);
INSERT INTO lawsuit (id, case_title, number, court_id) VALUES (56, 'BANEGA RICARDO MARCOS S/ COMERCIO DE ESTUPEFACIENTES CALIFICADO, TENENCIA DE ESTUPEFACIENTES PARA COMERCIALIZACION CALIFICADA', '1106/2021', 16);
INSERT INTO lawsuit (id, case_title, number, court_id) VALUES (57, 'FIGUEROA SERGIO ARIEL S/ HOMICIDIO EN GRADO DE TENTATIVA', '198/2020', 57);
INSERT INTO lawsuit (id, case_title, number, court_id) VALUES (58, 'BONGIOVANNI, JUAN MATÍAS POR ABUSO SEXUAL GRAVEMENTE ULTRAJANTE AGRAVADO POR LA GUARDA DE LA VÍCTIMA -H1-; Y ABUSO SEXUAL GRAVEMENTE ULTRAJANTE -H2-, EN CONCURSO REAL EN BAHÍA BLANCA Y CÓRDOBA (CAPITAL)', '1371/2021', 15);
INSERT INTO lawsuit (id, case_title, number, court_id) VALUES (59, 'SEPULVEDA, NAHUEL ALEJANDRO POR ROBO AGRAVADO POR COMETERSE CON ARMA Y POR LA PARTICIPACIÓN DE UN MENOR DE 18 AÑOS (ART. 166 INC. 2, PRIMER PÁRRAFO Y 41 QUATER DEL CP)', '1217/2021', 15);
INSERT INTO lawsuit (id, case_title, number, court_id) VALUES (60, 'FLORES, GILDA NICOLE S/ HOMICIDIO', '971/2020', 63);
INSERT INTO lawsuit (id, case_title, number, court_id) VALUES (61, 'DIAZ MARIO NAHUEL, SANTILLAN CLAUDIO JOSE S/ HOMICIDIO CALIFICADO, COACCION CALIFICADA', '214/2019', 18);
INSERT INTO lawsuit (id, case_title, number, court_id) VALUES (62, 'RODRIGUEZ PABLO S/ HOMICIDIO', '885/2020', 2);
INSERT INTO lawsuit (id, case_title, number, court_id) VALUES (63, 'BORELLI GASTON NICOLAS S/ HOMICIDIO CALIFICADO', '886/2021', 16);
INSERT INTO lawsuit (id, case_title, number, court_id) VALUES (64, 'MARTINEZ JUAN MANUEL S/ HOMICIDIO CALIFICADO', '409/2018', 2);
INSERT INTO lawsuit (id, case_title, number, court_id) VALUES (65, 'TORRES, RUBEN ALBERTO POR ABUSO SEXUAL GRAVEMENTE ULTRAJANTE AGRAVADO POR EL VÍNCULO (ART. 119 SEGUNDO PÁRRAFO EN RELACIÓN AL CUARTO PÁRRAFO INC. B DEL CP) EN MÉDANOS', '688/2021', 15);
INSERT INTO lawsuit (id, case_title, number, court_id) VALUES (66, 'DÍAZ, JOSÉ ALBERTO S/ HOMICIDIO CALIFICADO POR LA RELACIÓN DE PAREJA PREEXISTENTE Y POR LA CONDICIÓN DE MUJER EN GRADO DE TENTATIVA (ARTS. 80 INC 1 Y 11, 42 DEL CP)', '724/2021', 59);
INSERT INTO lawsuit (id, case_title, number, court_id) VALUES (67, 'CAPUTO JUAN ALBERTO S/ ABUSO SEXUAL CON ACCESO CARNAL AGRAVADO POR SER LA VICTIMA MENOR DE 18 AÑOS Y APROVECHANDO LA SITUACION DE CONVIVENCIA PREEXISTENTE', '1176/2019', 18);
INSERT INTO lawsuit (id, case_title, number, court_id) VALUES (68, 'MARTINEZ DANIEL ELIAS ABUSO SEXUAL GRAVEMENTE ULTRAJANTE EN CONCURSO REAL CON CON ABUSO SEXUAL CON ACCESO CARNAL AMBOS AGRAVADOS POR SER COMETIDO CONTRA UN MENOR DE DIECIOCHO AÑOS, APROVECHANDO LA SITUACION DE CONVIVENCIA PREEXISTENTE CON EL MISMO Y POR SER COMETIDO POR UNA PERSONA ENCARGADA DE LA GUARDA O EDUCACION. OLAVARRIA', '298/2021', 17);
INSERT INTO lawsuit (id, case_title, number, court_id) VALUES (69, 'VEGA EZEQUIEL ALEJANDRO S/ HOMICIDIO EN GRADO DE TENTATIVA', '531/2020', 58);
INSERT INTO lawsuit (id, case_title, number, court_id) VALUES (70, 'OVEJERO, PEDRO ALBERTO S/ ABUSO SEXUAL CON ACCESO CARNAL AGRAVADO REITERADO Y POR HABER SIDO COMETIDO CONTRA UN MENOR DE 18 AÑOS DE EDAD APROVECHANDO SU SITUACION DE CONVIVENCIA PREEXISTENTE CON EL MISMO, CON CONCURSO', '238/2021', 63);
INSERT INTO lawsuit (id, case_title, number, court_id) VALUES (71, 'PEREZ JUAN CARLOS S/ HOMICIDIO CALIFICADO', '850/2019', 2);
INSERT INTO lawsuit (id, case_title, number, court_id) VALUES (72, 'SUAREZ FLANDEZ, FRANCO ANDRÉS S/ HOMICIDIO SIMPLE (ART. 79 DEL CP)', '238/2021', 59);
INSERT INTO lawsuit (id, case_title, number, court_id) VALUES (73, 'BRITO QUIROGA, GRACIELA SUSANA S/ HOMICIDIO CALIFICADO POR SER COMETIDO POR UN MIEMBRO DE LA FUERZA DE SEGURIDAD PUBLICA COMETIDO MEDIANTE EL EMPLEO DE ARMA DE FUEGO EN GRADO DE TENTATIVA (ARTS. 41 BIS, 42, 80 INC. 9° DEL C.P.)', '1428/2019', 59);
INSERT INTO lawsuit (id, case_title, number, court_id) VALUES (74, 'VIDOS, JOSE ANTONIO S/ ABUSO SEXUAL GRAVEMENTE ULTRAJANTE AGRAVADO POR LA CONVIVENCIA PREEXISTENTE CON UNA PERSONA MENOR DE DIECIOCHO AÑOS DE EDAD - OLAVARRÍA', '719/2018', 18);
INSERT INTO lawsuit (id, case_title, number, court_id) VALUES (75, 'GOMEZ, GUIDO BALTAZAR S/ ABUSO SEXUAL CON ACCESO CARNAL AGRAVADO POR LA CONVIVENCIA PREEXISTENTE CON LA VICTIMA Y ESTAR A CARGO DEL CUIDADO Y DESOBEDIENCIA A LA AUTORIDAD EN CONCURSO REAL ENTRE SÍ', '188/2021', 63);
INSERT INTO lawsuit (id, case_title, number, court_id) VALUES (76, 'GUARDIA JORGE LUIS S/ ABUSO SEXUAL CON ACCESO CARNAL AGRAVADO POR SU CONDICION DE ASCENDIENTE Y REINTERADO, EN CONCURSO REAL', '467/2020', 18);
INSERT INTO lawsuit (id, case_title, number, court_id) VALUES (77, 'DOMINGUEZ PEDRO S/ HOMICIDIO CALIFICADO', '804/2020', 63);
INSERT INTO lawsuit (id, case_title, number, court_id) VALUES (78, 'ALVAREZ DAIANA GISELE S/ HOMICIDIO CALIFICADO POR EL VINCULO', '190/2020', 58);
INSERT INTO lawsuit (id, case_title, number, court_id) VALUES (79, 'LOPEZ JOSE LUIS S/ HOMICIDIO CALIFICADO', '482/2020', 2);

/* JUICIOS (Trials) */
INSERT INTO trial (id, date_trial, status, lawsuit_id, court_id, judicial_division_id) VALUES (1, 2022-02-07, true, 1, 56, 16);
INSERT INTO trial (id, date_trial, status, lawsuit_id, court_id, judicial_division_id) VALUES (2, 2022-02-14, true, 2, 16, 6);
INSERT INTO trial (id, date_trial, status, lawsuit_id, court_id, judicial_division_id) VALUES (3, 2022-02-14, true, 3, 43, 13);
INSERT INTO trial (id, date_trial, status, lawsuit_id, court_id, judicial_division_id) VALUES (4, 2022-02-17, true, 4, 18, 7);
INSERT INTO trial (id, date_trial, status, lawsuit_id, court_id, judicial_division_id) VALUES (5, 2022-02-17, true, 5, 22, 8);
INSERT INTO trial (id, date_trial, status, lawsuit_id, court_id, judicial_division_id) VALUES (6, 2022-02-21, true, 6, 16, 6);
INSERT INTO trial (id, date_trial, status, lawsuit_id, court_id, judicial_division_id) VALUES (7, 2022-02-21, true, 7, 2, 2);
INSERT INTO trial (id, date_trial, status, lawsuit_id, court_id, judicial_division_id) VALUES (8, 2022-02-23, true, 8, 18, 7);
INSERT INTO trial (id, date_trial, status, lawsuit_id, court_id, judicial_division_id) VALUES (9, 2022-02-24, true, 9, 17, 7);
INSERT INTO trial (id, date_trial, status, lawsuit_id, court_id, judicial_division_id) VALUES (10, 2022-02-25, true, 10, 54, 14);
INSERT INTO trial (id, date_trial, status, lawsuit_id, court_id, judicial_division_id) VALUES (11, 2022-03-03, true, 11, 16, 6);
INSERT INTO trial (id, date_trial, status, lawsuit_id, court_id, judicial_division_id) VALUES (12, 2022-03-07, true, 12, 58, 17);
INSERT INTO trial (id, date_trial, status, lawsuit_id, court_id, judicial_division_id) VALUES (13, 2022-03-07, true, 13, 63, 18);
INSERT INTO trial (id, date_trial, status, lawsuit_id, court_id, judicial_division_id) VALUES (14, 2022-03-08, true, 14, 57, 17);
INSERT INTO trial (id, date_trial, status, lawsuit_id, court_id, judicial_division_id) VALUES (15, 2022-03-09, true, 15, 16, 6);
INSERT INTO trial (id, date_trial, status, lawsuit_id, court_id, judicial_division_id) VALUES (16, 2022-03-14, true, 16, 18, 7);
INSERT INTO trial (id, date_trial, status, lawsuit_id, court_id, judicial_division_id) VALUES (17, 2022-03-14, true, 17, 15, 6);
INSERT INTO trial (id, date_trial, status, lawsuit_id, court_id, judicial_division_id) VALUES (18, 2022-03-14, true, 18, 2, 2);
INSERT INTO trial (id, date_trial, status, lawsuit_id, court_id, judicial_division_id) VALUES (19, 2022-03-14, true, 19, 55, 15);
INSERT INTO trial (id, date_trial, status, lawsuit_id, court_id, judicial_division_id) VALUES (20, 2022-03-21, true, 20, 15, 6);
INSERT INTO trial (id, date_trial, status, lawsuit_id, court_id, judicial_division_id) VALUES (21, 2022-03-25, true, 21, 43, 13);
INSERT INTO trial (id, date_trial, status, lawsuit_id, court_id, judicial_division_id) VALUES (22, 2022-03-27, true, 22, 8, 3);
INSERT INTO trial (id, date_trial, status, lawsuit_id, court_id, judicial_division_id) VALUES (23, 2022-03-28, true, 23, 58, 17);
INSERT INTO trial (id, date_trial, status, lawsuit_id, court_id, judicial_division_id) VALUES (24, 2022-03-28, true, 24, 62, 18);
INSERT INTO trial (id, date_trial, status, lawsuit_id, court_id, judicial_division_id) VALUES (25, 2022-04-04, true, 25, 14, 6);
INSERT INTO trial (id, date_trial, status, lawsuit_id, court_id, judicial_division_id) VALUES (26, 2022-04-04, true, 26, 8, 3);
INSERT INTO trial (id, date_trial, status, lawsuit_id, court_id, judicial_division_id) VALUES (27, 2022-04-11, true, 27, 59, 17);
INSERT INTO trial (id, date_trial, status, lawsuit_id, court_id, judicial_division_id) VALUES (28, 2022-04-11, true, 28, 62, 18);
INSERT INTO trial (id, date_trial, status, lawsuit_id, court_id, judicial_division_id) VALUES (29, 2022-04-18, true, 29, 15, 6);
INSERT INTO trial (id, date_trial, status, lawsuit_id, court_id, judicial_division_id) VALUES (30, 2022-04-18, true, 30, 63, 18);
INSERT INTO trial (id, date_trial, status, lawsuit_id, court_id, judicial_division_id) VALUES (31, 2022-04-28, true, 31, 15, 6);
INSERT INTO trial (id, date_trial, status, lawsuit_id, court_id, judicial_division_id) VALUES (32, 2022-04-29, true, 32, 57, 17);
INSERT INTO trial (id, date_trial, status, lawsuit_id, court_id, judicial_division_id) VALUES (33, 2022-05-02, true, 33, 16, 6);
INSERT INTO trial (id, date_trial, status, lawsuit_id, court_id, judicial_division_id) VALUES (34, 2022-05-09, true, 34, 16, 6);
INSERT INTO trial (id, date_trial, status, lawsuit_id, court_id, judicial_division_id) VALUES (35, 2022-05-10, true, 35, 18, 7);
INSERT INTO trial (id, date_trial, status, lawsuit_id, court_id, judicial_division_id) VALUES (36, 2022-05-10, true, 36, 43, 13);
INSERT INTO trial (id, date_trial, status, lawsuit_id, court_id, judicial_division_id) VALUES (37, 2022-05-12, true, 37, 14, 6);
INSERT INTO trial (id, date_trial, status, lawsuit_id, court_id, judicial_division_id) VALUES (38, 2022-05-16, true, 38, 15, 6);
INSERT INTO trial (id, date_trial, status, lawsuit_id, court_id, judicial_division_id) VALUES (39, 2022-05-16, true, 39, 62, 18);
INSERT INTO trial (id, date_trial, status, lawsuit_id, court_id, judicial_division_id) VALUES (40, 2022-05-16, true, 40, 63, 18);
INSERT INTO trial (id, date_trial, status, lawsuit_id, court_id, judicial_division_id) VALUES (41, 2022-05-17, true, 41, 59, 17);
INSERT INTO trial (id, date_trial, status, lawsuit_id, court_id, judicial_division_id) VALUES (42, 2022-05-17, true, 42, 57, 17);
INSERT INTO trial (id, date_trial, status, lawsuit_id, court_id, judicial_division_id) VALUES (43, 2022-05-18, true, 43, 16, 6);
INSERT INTO trial (id, date_trial, status, lawsuit_id, court_id, judicial_division_id) VALUES (44, 2022-05-23, true, 44, 59, 17);
INSERT INTO trial (id, date_trial, status, lawsuit_id, court_id, judicial_division_id) VALUES (45, 2022-05-30, true, 45, 16, 6);
INSERT INTO trial (id, date_trial, status, lawsuit_id, court_id, judicial_division_id) VALUES (46, 2022-05-30, true, 46, 44, 13);
INSERT INTO trial (id, date_trial, status, lawsuit_id, court_id, judicial_division_id) VALUES (47, 2022-06-06, true, 47, 15, 6);
INSERT INTO trial (id, date_trial, status, lawsuit_id, court_id, judicial_division_id) VALUES (48, 2022-06-06, true, 48, 59, 17);
INSERT INTO trial (id, date_trial, status, lawsuit_id, court_id, judicial_division_id) VALUES (49, 2022-06-13, true, 49, 8, 3);
INSERT INTO trial (id, date_trial, status, lawsuit_id, court_id, judicial_division_id) VALUES (50, 2022-06-14, true, 50, 14, 6);
INSERT INTO trial (id, date_trial, status, lawsuit_id, court_id, judicial_division_id) VALUES (51, 2022-06-21, true, 51, 16, 6);
INSERT INTO trial (id, date_trial, status, lawsuit_id, court_id, judicial_division_id) VALUES (52, 2022-06-22, true, 52, 18, 7);
INSERT INTO trial (id, date_trial, status, lawsuit_id, court_id, judicial_division_id) VALUES (53, 2022-06-22, true, 53, 55, 15);
INSERT INTO trial (id, date_trial, status, lawsuit_id, court_id, judicial_division_id) VALUES (54, 2022-06-27, true, 54, 63, 18);
INSERT INTO trial (id, date_trial, status, lawsuit_id, court_id, judicial_division_id) VALUES (55, 2022-07-04, true, 55, 15, 6);
INSERT INTO trial (id, date_trial, status, lawsuit_id, court_id, judicial_division_id) VALUES (56, 2022-07-07, true, 56, 16, 6);
INSERT INTO trial (id, date_trial, status, lawsuit_id, court_id, judicial_division_id) VALUES (57, 2022-07-13, true, 57, 57, 17);
INSERT INTO trial (id, date_trial, status, lawsuit_id, court_id, judicial_division_id) VALUES (58, 2022-08-03, true, 58, 15, 6);
INSERT INTO trial (id, date_trial, status, lawsuit_id, court_id, judicial_division_id) VALUES (59, 2022-08-08, true, 59, 15, 6);
INSERT INTO trial (id, date_trial, status, lawsuit_id, court_id, judicial_division_id) VALUES (60, 2022-08-08, true, 60, 63, 18);
INSERT INTO trial (id, date_trial, status, lawsuit_id, court_id, judicial_division_id) VALUES (61, 2022-08-09, true, 61, 18, 7);
INSERT INTO trial (id, date_trial, status, lawsuit_id, court_id, judicial_division_id) VALUES (62, 2022-08-11, true, 62, 2, 2);
INSERT INTO trial (id, date_trial, status, lawsuit_id, court_id, judicial_division_id) VALUES (63, 2022-08-16, true, 63, 16, 6);
INSERT INTO trial (id, date_trial, status, lawsuit_id, court_id, judicial_division_id) VALUES (64, 2022-08-22, true, 64, 2, 2);
INSERT INTO trial (id, date_trial, status, lawsuit_id, court_id, judicial_division_id) VALUES (65, 2022-08-29, true, 65, 15, 6);
INSERT INTO trial (id, date_trial, status, lawsuit_id, court_id, judicial_division_id) VALUES (66, 2022-08-29, true, 66, 59, 17);
INSERT INTO trial (id, date_trial, status, lawsuit_id, court_id, judicial_division_id) VALUES (67, 2022-08-30, true, 67, 18, 7);
INSERT INTO trial (id, date_trial, status, lawsuit_id, court_id, judicial_division_id) VALUES (68, 2022-09-07, true, 68, 17, 7);
INSERT INTO trial (id, date_trial, status, lawsuit_id, court_id, judicial_division_id) VALUES (69, 2022-09-12, true, 69, 58, 17);
INSERT INTO trial (id, date_trial, status, lawsuit_id, court_id, judicial_division_id) VALUES (70, 2022-09-12, true, 70, 63, 18);
INSERT INTO trial (id, date_trial, status, lawsuit_id, court_id, judicial_division_id) VALUES (71, 2022-09-20, true, 71, 2, 2);
INSERT INTO trial (id, date_trial, status, lawsuit_id, court_id, judicial_division_id) VALUES (72, 2022-09-26, true, 72, 59, 17);
INSERT INTO trial (id, date_trial, status, lawsuit_id, court_id, judicial_division_id) VALUES (73, 2022-10-19, true, 73, 59, 17);
INSERT INTO trial (id, date_trial, status, lawsuit_id, court_id, judicial_division_id) VALUES (74, 2022-10-20, true, 74, 18, 7);
INSERT INTO trial (id, date_trial, status, lawsuit_id, court_id, judicial_division_id) VALUES (75, 2022-10-24, true, 75, 63, 18);
INSERT INTO trial (id, date_trial, status, lawsuit_id, court_id, judicial_division_id) VALUES (76, 2022-11-10, true, 76, 18, 7);
INSERT INTO trial (id, date_trial, status, lawsuit_id, court_id, judicial_division_id) VALUES (77, 2022-11-21, true, 77, 63, 18);
INSERT INTO trial (id, date_trial, status, lawsuit_id, court_id, judicial_division_id) VALUES (78, 2022-11-28, true, 78, 58, 17);
INSERT INTO trial (id, date_trial, status, lawsuit_id, court_id, judicial_division_id) VALUES (79, 2022-12-01, true, 79, 2, 2);


